[
  {
    "id": 0,
    "name": "Aarav",
    "picture": "images/boxer.png",
    "age": 5,
    "breed": "Male",
    "location": "Lisco, Alabama"
  },
  {
    "id": 1,
    "name": "Anaya",
    "picture": "images/boxer.png",
    "age": 4,
    "breed": "Female",
    "location": "Tooleville, West Virginia"
  },
  {
    "id": 2,
    "name": "Ishaan",
    "picture": "images/french-bulldog.png",
    "age": 3,
    "breed": "Male",
    "location": "Freeburn, Idaho"
  },
  {
    "id": 3,
    "name": "Myra",
    "picture": "images/boxer.png",
    "age": 3,
    "breed": "Female",
    "location": "Camas, Pennsylvania"
  },
  {
    "id": 4,
    "name": "Vivaan",
    "picture": "images/french-bulldog.png",
    "age": 4,
    "breed": "Male",
    "location": "Gerber, South Dakota"
  },
  {
    "id": 5,
    "name": "Kiara",
    "picture": "images/french-bulldog.png",
    "age": 5,
    "breed": "Female",
    "location": "Innsbrook, Illinois"
  },
  {
    "id": 6,
    "name": "Reyansh",
    "picture": "images/golden-retriever.png",
    "age": 3,
    "breed": "Male",
    "location": "Soudan, Louisiana"
  },
  {
    "id": 7,
    "name": "Saanvi",
    "picture": "images/golden-retriever.png",
    "age": 2,
    "breed": "Female",
    "location": "Jacksonwald, Palau"
  },
  {
    "id": 8,
    "name": "Aditi",
    "picture": "images/french-bulldog.png",
    "age": 3,
    "breed": "Female",
    "location": "Honolulu, Hawaii"
  },
  {
    "id": 9,
    "name": "Kabir",
    "picture": "images/boxer.png",
    "age": 4,
    "breed": "Male",
    "location": "Matheny, Utah"
  },
  {
    "id": 10,
    "name": "Tara",
    "picture": "images/boxer.png",
    "age": 3,
    "breed": "Female",
    "location": "Tyhee, Indiana"
  },
  {
    "id": 11,
    "name": "Yuvraj",
    "picture": "images/boxer.png",
    "age": 5,
    "breed": "Male",
    "location": "Windsor, Montana"
  },
  {
    "id": 12,
    "name": "Zoya",
    "picture": "images/french-bulldog.png",
    "age": 2,
    "breed": "Female",
    "location": "Kingstowne, Nevada"
  },
  {
    "id": 13,
    "name": "Rudra",
    "picture": "images/golden-retriever.png",
    "age": 6,
    "breed": "Male",
    "location": "Sultana, Massachusetts"
  },
  {
    "id": 14,
    "name": "Meera",
    "picture": "images/golden-retriever.png",
    "age": 3,
    "breed": "Female",
    "location": "Broadlands, Oregon"
  },
  {
    "id": 15,
    "name": "Arjun",
    "picture": "images/golden-retriever.png",
    "age": 4,
    "breed": "Male",
    "location": "Dawn, Wisconsin"
  }
]
